variable,sd
ls,2.1395138586223337
hope,2.324676344241332
pa,0.37465092124346866
na,0.32084490446892727
